ID,title
tt28443655,Death of a Unicorn (2025)
tt9150192,A Working Man (2025)
tt31314296,The Woman in the Yard (2025)
tt26677014,The Penguin Lessons (2024)
tt18108824,The Friend (2024)
tt13782222,"Alexander and the Terrible, Horrible, No Good, Very Bad Road Trip (2025)"
tt12704978,Audrey's Children (2024)
tt32086034,Holy Cow (2024)
tt33092501,My Love Will Make You Disappear (2025)
tt34280341,Janis Ian: Breaking Silence (2024)
tt11846550,Kayara (2025)
tt30766582,Screamboat (2025)
tt36049393,Seventeen: Right Here - World Tour in Cinemas (2025)
tt3566834,A Minecraft Movie (2025)
tt32331377,The Luckiest Man in America (2024)
tt21942598,Freaky Tales (2024)
tt7891844,The Grove (2025)
tt16431330,A Nice Indian Boy (2024)
tt21221514,Eric LaRue (2023)
tt28662887,Wake Up (2023)
tt32857901,Wish You Were Here! (2025)
tt30835450,Mogwai: If the Stars Had a Sound (2024)
tt31434639,Warfare (2025)
tt0899043,The Amateur (2025)
tt32149847,Drop (2025)
tt7967302,The King of Kings (2025)
tt27674982,The Ballad of Wallis Island (2025)
tt13491834,Sacramento (2024)
tt33029955,One to One: John & Yoko (2024)
tt33050528,Colorful Stage! The Movie: A Miku Who Can't Sing (2025)
tt35934771,Neil Young: Coastal (2025)
tt31193180,Sinners (2025)
tt32214413,The Wedding Banquet (2025)
tt9254940,Sneaks (2025)
tt7068946,The Accountant 2 (2025)
tt30955489,Until Dawn (2025)
tt20212786,The Shrouds (2024)
tt15042300,On Swift Horses (2024)
tt8866456,The Legend of Ochi (2025)
tt1714918,Neighborhood Watch (2025)
tt30833959,Cheech and Chong's Last Movie (2024)
tt13020386,Four Letters of Love (2024)
tt19637220,Skill House (2025)
tt35718384,Carlo Acutis: Roadmap to Reality (2025)
tt11584012,Open Secret (2025)
tt20969586,Thunderbolts* (2025)
tt27813235,The Surfer (2024)
tt22375408,Electra (2024)
tt8619236,The Last Battleship (2025)
tt8679660,Words of War (2025)
tt30835291,Swamp Dogg Gets His Pool Painted (2024)
tt23060698,Clown in a Cornfield (2025)
tt30505698,Friendship (2024)
tt26597666,Juliet & Romeo (2025)
tt5853716,Lilly (2024)
tt3842436,P31 (2025)
tt33060407,Marcella (2024)
tt14830912,The Lost Princess (2025)
tt21879688,A Guardian's Heart (2025)
tt12671466,The Lost Locket (2025)
tt9619824,Final Destination: Bloodlines (2025)
tt26927452,Hurry Up Tomorrow (2025)
tt34966919,Magic Farm (2025)
tt35462051,The Loot (2025)
tt30609082,The Crypto: Beyond (2025)
tt14855340,'90s Babiez (2025)
tt11655566,Lilo & Stitch (2025)
tt9603208,Mission: Impossible - The Final Reckoning (2025)
tt30908405,The Last Rodeo (2025)
tt1674782,Karate Kid: Legends (2025)
tt32246771,Bring Her Back (2025)
tt7181546,Ballerina (2025)
tt12908150,The Life of Chuck (2024)
tt32299316,Dangerous Animals (2025)
tt30840798,The Phoenician Scheme (2025)
tt32194932,The Ritual (2025)
tt8639168,Crawlers (2025)
tt30253473,Materialists (2025)
tt26743210,How to Train Your Dragon (2025)
tt27458104,Becoming the Night: A Nightwing Story (2025)
tt10548174,28 Years Later (2025)
tt4900148,Elio (2025)
tt21317634,Bride Hard (2025)
tt16085546,Lost Weekend (2025)
tt16311594,F1 (2025)
tt26342662,M3GAN 2.0 (2025)
tt23939106,Ponyboi (2024)
tt7890826,Naya Legend of the Golden Dolphin (2025)
tt35435308,SKG: Death Row Records - Thru My Eyez (Documentary) (2025)
tt31036941,Jurassic World: Rebirth (2025)
tt14362186,Untitled Universal Event Film (2025)
tt15138244,Divine Soldiers (2025)
tt17042980,Untitled Trey Parker / Matt Stone / Kendrick Lamar / Dave Free (2025)
tt10826586,Touch (2025)
tt4601194,To Give or Not to Give: Reparations for Slavery (2025)
tt5950044,Superman (2025)
tt4045450,I Know What You Did Last Summer (2025)
tt18069420,Smurfs (2025)
tt10676052,The Fantastic Four: First Steps (2025)
tt31184028,Together (2025)
tt3402138,The Naked Gun (2025)
tt30017619,The Bad Guys 2 (2025)
tt4292334,Experiment 77 (2025)
tt21629948,Big Tree (2025)
tt31956415,Freakier Friday (2025)
tt26581740,Weapons (2025)
tt28996126,Nobody 2 (2025)
tt17676734,Americana (2023)
tt28334938,Clika (2025)
tt1633359,The Toxic Avenger (2023)
tt1493274,Caught Stealing (2025)
tt31973693,The Roses (2025)
tt28784201,Another in the Fire (2025)
tt4519000,Jessica Frost (2025)
tt22898462,The Conjuring: Last Rites (2025)
tt33235979,Light of the World (2025)
tt20222166,Spinal Tap II (2025)
tt31888477,Downton Abbey 3 (2025)
tt26443605,Untitled Disney (2025)
tt13650700,A Big Bold Beautiful Journey (2025)
tt30096221,Ella McCay (2025)
tt20990442,Him (2025)
tt30144839,One Battle After Another (2025)
tt28671344,The Strangers: Chapter 2 (2025)
tt32214143,Gabby's Dollhouse: The Movie (2025)
tt11378946,Michael (2025)
tt4627382,Roofman (2025)
tt10928904,The Legend of Johnny Jones (2025)
tt7193124,We Harvest (2025)
tt6604188,Tron: Ares (2025)
tt16911616,Animal Friends (2025)
tt15845656,Dr. A. P. J. Abdul Kalam (2025)
tt29644189,The Black Phone 2 (2025)
tt32159989,After the Hunt (2025)
tt27543578,Good Fortune (2025)
tt33088452,Regretting You (2025)
tt30874432,The Watchers (2025)
tt10844184,Detour 95 (2025)
tt8702454,The Third Parent (2025)
tt11487742,The Evil Within (2025)
tt14107334,The Running Man (2025)
tt31227572,Predator: Badlands (2025)
tt12300742,Bugonia (2025)
tt10115998,The Cincinnati Spin (2025)
tt4712810,Now You See Me 3 (2025)
tt34536268,Indecipherable (2025)
tt10994300,A Figgly Christmas (2025)
tt19847976,Wicked: For Good (2025)
tt15678738,David (2025)
tt10994444,STZ (2025)
tt26443597,Zootopia 2 (2025)
tt10713496,The Accident (2025)
tt30274401,Five Nights at Freddy's 2 (2025)
tt1757678,Avatar: Fire and Ash (2025)
tt23572848,The SpongeBob Movie: Search for Squarepants (2025)
tt10921118,The Street Avenger (2025)
tt27543632,The Housemaid (2025)
tt31350873,Return of the Living Dead (2025)
tt33244668,Anaconda (2025)
tt11246550,Planet Gliese (2025)
tt10209920,Alien Wars: Judgement Day (2025)
tt28371961,Killer Clown Girls (2025)
tt9810236,Apophis 2029 (2025)
tt9810278,"The King, The Swordsman, and the Sorceress (2025)"
tt32020960,Nightmare (2025)
tt15295176,Crystal (2025)
tt32654916,Soulm8te (2025)
tt32338669,Mutiny (2026)
tt32141377,28 Years Later: The Bone Temple (2026)
tt31050594,Mercy (2026)
tt18259538,Aang: The Last Airbender (2026)
tt8036976,Send Help (2026)
tt32897959,Wuthering Heights (2026)
tt27613895,GOAT (2026)
tt33714084,Reminders of Him (2026)
tt2263648,What About Love (2013)
tt32565993,Three Bags Full: A Sheep Detective Movie (2026)
tt27047903,Scream 7 (2026)
tt2321555,The Cat in the Hat (2026)
tt30851137,The Bride (2026)
tt26443616,Hoppers (2026)
tt32492552,Untitled the Exorcist/Mike Flanagan Project (2026)
tt27165187,Flowervale Street (2026)
tt12042730,Project Hail Mary (2026)
tt34888646,I Can Only Imagine Sequel (2026)
